﻿[
    {
        "Repo": "ABAADUser",
        "Branch": "DEVPE",
        "Enabled":  false,
        "Hosts": [
            "nymgmtdevpe01.management.corp"
        ],
        "SourceLocation": "\\\\jenkins.management.corp\\Repos\\$($Branch)\\$($Repo)",
        "DestinationLocation": "\\\\$($Host)\\C$\\releases\\Development\\UserAutomation\\DevOps\\abaaduser"
    },
    {
        "Repo": "ABAO365User",
        "Branch": "DEVPE",
        "Enabled":  false,
        "Hosts": [
            "nymgmtdevpe01.management.corp"
        ],
        "SourceLocation": "\\\\jenkins.management.corp\\Repos\\$($Branch)\\$($Repo)",
        "DestinationLocation": "\\\\$($Host)\\C$\\releases\\Development\\UserAutomation\\DevOps\\ABAO365User"
    },
    {
        "Repo": "DL_Operations",
        "Branch": "DEVPE",
        "Enabled":  false,
        "Hosts": [
            "nymgmtdevpe01.management.corp"
        ],
        "SourceLocation": "\\\\jenkins.management.corp\\Repos\\$($Branch)\\$($Repo)",
        "DestinationLocation": "\\\\$($Host)\\C$\\releases\\Development\\UserAutomation\\DevOps\\DL_Operations"
    },
    {
        "Repo": "New-ABAUser",
        "Branch": "DEVPE",
        "Enabled":  false,
        "Hosts": [
            "nymgmtdevpe01.management.corp"
        ],
        "SourceLocation": "\\\\jenkins.management.corp\\Repos\\$($Branch)\\$($Repo)",
        "DestinationLocation": "\\\\$($Host)\\C$\\releases\\Development\\UserAutomation\\DevOps\\New-ABAUser"
    }
]