[
    {
        "Repo":  "Abacus-Office365(PE)",
        "Hosts":  [
                      "nymgmtpe01.management.corp"
                  ],
        "Location":  "\\C$\\Program Files\\WindowsPowerShell\\Modules\\Abacus-Office365"
    },
    {
        "Repo":  "Abacus-Secret(PE)",
        "Hosts":  [
                      "nymgmtpe01.management.corp"
                  ],
        "Location":  "\\C$\\Program Files\\WindowsPowerShell\\Modules\\Abacus-Secret"
    },
    {
        "Repo":  "Abacus-Logging(PE)",
        "Hosts":  [
                      "nymgmtpe01.management.corp"
                  ],
        "Location":  "\\C$\\Program Files\\WindowsPowerShell\\Modules\\Abacus-Logging"
    },
    {
        "Repo":  "Abacus-WinOps(PE)",
        "Hosts":  [
                      "nymgmtpe01.management.corp"
                  ],
        "Location":  "\\C$\\Program Files\\WindowsPowerShell\\Modules\\Abacus-WinOps"
    },
    {
        "Repo":  "Abacus-CPSM(PE)",
        "Hosts":  [
                      "nymgmtpe01.management.corp"
                  ],
        "Location":  "\\C$\\Program Files\\WindowsPowerShell\\Modules\\Abacus-CPSM"
    },
    {
        "Repo":  "ABAADUser(PE)",
        "Hosts":  [
                      "nymgmtpe01.management.corp"
                  ],
        "Location":  "\\C$\\releases\\Production\\UserAutomation\\DevOps\\abaaduser"

    },
    {
        "Repo":  "ABAADUser(DevPE)",
        "Hosts":  [
                      "nymgmtdevpe01.management.corp"
                  ],
        "Location":  "\\C$\\releases\\Development\\UserAutomation\\DevOps\\abaaduser"

    },
    {
        "Repo":  "ABAO365User(PE)",
        "Hosts":  [
                      "nymgmtpe01.management.corp"
                  ],
        "Location":  "\\C$\\releases\\Production\\UserAutomation\\DevOps\\ABAO365User"

    },
    {
        "Repo":  "ABAO365User(DevPE)",
        "Hosts":  [
                      "nymgmtdevpe01.management.corp"
                  ],
        "Location":  "\\C$\\releases\\Development\\UserAutomation\\DevOps\\ABAO365User"

    },
    {
        "Repo":  "New-ABAUser(PE)",
        "Hosts":  [
                      "nymgmtpe01.management.corp"
                  ],
        "Location":  "\\C$\\releases\\Production\\UserAutomation\\DevOps\\New-ABAUser"

    },
    {
        "Repo":  "New-ABAUser(DevPE)",
        "Hosts":  [
                      "nymgmtdevpe01.management.corp"
                  ],
        "Location":  "\\C$\\releases\\Development\\UserAutomation\\DevOps\\New-ABAUser"

    },
    {
        "Repo":  "DL_Operations(PE)",
        "Hosts":  [
                      "nymgmtpe01.management.corp"
                  ],
        "Location":  "\\C$\\releases\\Production\\UserAutomation\\DevOps\\DL_Operations"

    }
]