﻿[
    {
        "Repo": "Abacus-CPSM",
        "Branch": "master",
        "Enabled": true,
        "Hosts": [
            "nymgmtjenkins02.management.corp",
            "nymgmtctx01.management.corp",
            "txmgmtctx01.management.corp",
            "nymgmtbatch03.management.corp",
            "nymgmtdevpe01.management.corp"
        ],
        "SourceLocation": "\\\\jenkins.management.corp\\Repos\\$($Branch)\\$($Repo)",
        "DestinationLocation": "\\\\$($Host)\\C$\\Program Files\\WindowsPowerShell\\Modules\\$($Repo)"
    },
    {
        "Repo": "Abacus-Logging",
        "Branch": "master",
        "Enabled": true,
        "Hosts": [
            "nymgmtjenkins02.management.corp",
            "nymgmtjenkslv01.management.corp",
            "nymgmtjenkslv02.management.corp",
            "nymgmtctx01.management.corp",
            "txmgmtctx01.management.corp",
            "nymgmtbatch02.management.corp",
            "nymgmtbatch03.management.corp",
            "nymgmtdevpe01.management.corp",
            "nysrv2-cpsmpe02.service02.corp"
        ],
        "SourceLocation": "\\\\jenkins.management.corp\\Repos\\$($Branch)\\$($Repo)",
        "DestinationLocation": "\\\\$($Host)\\C$\\Program Files\\WindowsPowerShell\\Modules\\$($Repo)"
    },
    {
        "Repo": "Abacus-Office365",
        "Branch": "master",
        "Enabled": true,
        "Hosts": [
            "nymgmtjenkins02.management.corp",
            "nymgmtctx01.management.corp",
            "txmgmtctx01.management.corp",
            "nymgmtbatch02.management.corp",
            "nymgmtbatch03.management.corp"
        ],
        "SourceLocation": "\\\\jenkins.management.corp\\Repos\\$($Branch)\\$($Repo)",
        "DestinationLocation": "\\\\$($Host)\\C$\\Program Files\\WindowsPowerShell\\Modules\\$($Repo)"
    },
    {
        "Repo": "Abacus-Okta",
        "Branch": "master",
        "Enabled": true,
        "Hosts": [
            "nymgmtjenkins02.management.corp",
            "nymgmtctx01.management.corp",
            "txmgmtctx01.management.corp",
            "nymgmtbatch02.management.corp",
            "nymgmtbatch03.management.corp"
        ],
        "SourceLocation": "\\\\jenkins.management.corp\\Repos\\$($Branch)\\$($Repo)",
        "DestinationLocation": "\\\\$($Host)\\C$\\Program Files\\WindowsPowerShell\\Modules\\$($Repo)"
    },
    {
        "Repo": "Abacus-Panorama",
        "Branch": "master",
        "Enabled": true,
        "Hosts": [
            "nymgmtjenkins02.management.corp",
            "nymgmtctx01.management.corp",
            "txmgmtctx01.management.corp",
            "nymgmtbatch03.management.corp"
        ],
        "SourceLocation": "\\\\jenkins.management.corp\\Repos\\$($Branch)\\$($Repo)",
        "DestinationLocation": "\\\\$($Host)\\C$\\Program Files\\WindowsPowerShell\\Modules\\$($Repo)"
    },
    {
        "Repo": "Abacus-Pkgmgmt",
        "Branch": "master",
        "Enabled": true,
        "Hosts": [
            "nymgmtjenkins02.management.corp",
            "nymgmtctx01.management.corp",
            "txmgmtctx01.management.corp",
            "nymgmtbatch03.management.corp"
        ],
        "SourceLocation": "\\\\jenkins.management.corp\\Repos\\$($Branch)\\$($Repo)",
        "DestinationLocation": "\\\\$($Host)\\C$\\Program Files\\WindowsPowerShell\\Modules\\$($Repo)"
    },
    {
        "Repo": "Abacus-Portal",
        "Branch": "master",
        "Enabled": true,
        "Hosts": [
            "nymgmtjenkins02.management.corp",
            "nymgmtctx01.management.corp",
            "txmgmtctx01.management.corp",
            "nymgmtbatch03.management.corp",
            "nymgmtdevpe01.management.corp"
        ],
        "SourceLocation": "\\\\jenkins.management.corp\\Repos\\$($Branch)\\$($Repo)",
        "DestinationLocation": "\\\\$($Host)\\C$\\Program Files\\WindowsPowerShell\\Modules\\$($Repo)"
    },
    {
        "Repo": "Abacus-Puppet",
        "Branch": "master",
        "Enabled": true,
        "Hosts": [
            "nymgmtjenkins02.management.corp",
            "nymgmtctx01.management.corp",
            "txmgmtctx01.management.corp",
            "nymgmtbatch03.management.corp",
            "nymgmtdevpe01.management.corp"
        ],
        "SourceLocation": "\\\\jenkins.management.corp\\Repos\\$($Branch)\\$($Repo)",
        "DestinationLocation": "\\\\$($Host)\\C$\\Program Files\\WindowsPowerShell\\Modules\\$($Repo)"
    },
    {
        "Repo": "Abacus-Secret",
        "Branch": "master",
        "Enabled": true,
        "Hosts": [
            "nymgmtjenkins02.management.corp",
            "nymgmtjenkslv01.management.corp",
            "nymgmtjenkslv02.management.corp",
            "nymgmtctx01.management.corp",
            "txmgmtctx01.management.corp",
            "nymgmtbatch02.management.corp",
            "nymgmtbatch03.management.corp",
            "nymgmtdevpe01.management.corp",
            "nysrv2-cpsmpe02.service02.corp"
        ],
        "SourceLocation": "\\\\jenkins.management.corp\\Repos\\$($Branch)\\$($Repo)",
        "DestinationLocation": "\\\\$($Host)\\C$\\Program Files\\WindowsPowerShell\\Modules\\$($Repo)"
    },
    {
        "Repo": "Abacus-vCmd",
        "Branch": "master",
        "Enabled": true,
        "Hosts": [
            "nymgmtjenkins02.management.corp",
            "nymgmtctx01.management.corp",
            "txmgmtctx01.management.corp",
            "nymgmtbatch03.management.corp"
        ],
        "SourceLocation": "\\\\jenkins.management.corp\\Repos\\$($Branch)\\$($Repo)",
        "DestinationLocation": "\\\\$($Host)\\C$\\Program Files\\WindowsPowerShell\\Modules\\$($Repo)"
    },
    {
        "Repo": "Abacus-VMware",
        "Branch": "master",
        "Enabled": true,
        "Hosts": [
            "nymgmtjenkins02.management.corp",
            "nymgmtctx01.management.corp",
            "txmgmtctx01.management.corp",
            "nymgmtbatch03.management.corp"
        ],
        "SourceLocation": "\\\\jenkins.management.corp\\Repos\\$($Branch)\\$($Repo)",
        "DestinationLocation": "\\\\$($Host)\\C$\\Program Files\\WindowsPowerShell\\Modules\\$($Repo)"
    },
    {
        "Repo": "Abacus-WinOps",
        "Branch": "master",
        "Enabled": true,
        "Hosts": [
            "nymgmtjenkins02.management.corp",
            "nymgmtjenkslv01.management.corp",
            "nymgmtjenkslv02.management.corp",
            "nymgmtctx01.management.corp",
            "txmgmtctx01.management.corp",
            "nymgmtbatch03.management.corp"
        ],
        "SourceLocation": "\\\\jenkins.management.corp\\Repos\\$($Branch)\\$($Repo)",
        "DestinationLocation": "\\\\$($Host)\\C$\\Program Files\\WindowsPowerShell\\Modules\\$($Repo)"
    },
    {
        "Repo": "Abacus-Zerto",
        "Branch": "master",
        "Enabled": true,
        "Hosts": [
            "nymgmtjenkins02.management.corp",
            "nymgmtctx01.management.corp",
            "txmgmtctx01.management.corp",
            "nymgmtbatch03.management.corp"
        ],
        "SourceLocation": "\\\\jenkins.management.corp\\Repos\\$($Branch)\\$($Repo)",
        "DestinationLocation": "\\\\$($Host)\\C$\\Program Files\\WindowsPowerShell\\Modules\\$($Repo)"
    },
    {
        "Repo": "Abacus-Jenkins",
        "Branch": "master",
        "Enabled": true,
        "Hosts": [
            "nymgmtctx01.management.corp"
        ],
        "SourceLocation": "\\\\jenkins.management.corp\\Repos\\$($Branch)\\$($Repo)",
        "DestinationLocation": "\\\\$($Host)\\C$\\Program Files\\WindowsPowerShell\\Modules\\$($Repo)"
    },
    {
        "Repo": "Abacus-Onboarding",
        "Branch": "master",
        "Enabled": true,
        "Hosts": [
            "nymgmtctx01.management.corp"
        ],
        "SourceLocation": "\\\\jenkins.management.corp\\Repos\\$($Branch)\\$($Repo)",
        "DestinationLocation": "\\\\$($Host)\\C$\\Program Files\\WindowsPowerShell\\Modules\\$($Repo)"
    },
    {
        "Repo": "panorama-reports",
        "Branch": "master",
        "Enabled": true,
        "Hosts": [
            "nymgmtbatch03.management.corp"
        ],
        "SourceLocation": "\\\\jenkins.management.corp\\Repos\\$($Branch)\\$($Repo)",
        "DestinationLocation": "\\\\$($Host)\\E$\\Scripts\\PanoramaReports"
    },
    {
        "Repo": "ZertoModule",
        "Branch": "master",
        "Enabled": true,
        "Hosts": [
            "nymgmtjenkins02.management.corp",
            "nymgmtctx01.management.corp",
            "txmgmtctx01.management.corp",
            "nymgmtbatch03.management.corp"
        ],
        "SourceLocation": "\\\\jenkins.management.corp\\Repos\\$($Branch)\\$($Repo)",
        "DestinationLocation": "\\\\$($Host)\\C$\\Program Files\\WindowsPowerShell\\Modules\\$($Repo)"
    },
    {
        "Repo": "PartnerCenter",
        "Branch": "master",
        "Enabled": true,
        "Hosts": [
            "nymgmtjenkins02.management.corp",
            "nymgmtctx01.management.corp",
            "txmgmtctx01.management.corp",
            "nymgmtbatch03.management.corp"
        ],
        "SourceLocation": "\\\\jenkins.management.corp\\Repos\\$($Branch)\\$($Repo)",
        "DestinationLocation": "\\\\$($Host)\\C$\\Program Files\\WindowsPowerShell\\Modules\\$($Repo)"
    },
    {
        "Repo": "MSOnline",
        "Branch": "master",
        "Enabled": true,
        "Hosts": [
            "nymgmtjenkins02.management.corp",
            "nymgmtctx01.management.corp",
            "txmgmtctx01.management.corp",
            "nymgmtbatch03.management.corp"
        ],
        "SourceLocation": "\\\\jenkins.management.corp\\Repos\\$($Branch)\\$($Repo)",
        "DestinationLocation": "\\\\$($Host)\\C$\\Program Files\\WindowsPowerShell\\Modules\\$($Repo)"
    },
    {
        "Repo": "AzureAD",
        "Branch": "master",
        "Enabled": true,
        "Hosts": [
            "nymgmtjenkins02.management.corp",
            "nymgmtctx01.management.corp",
            "txmgmtctx01.management.corp",
            "nymgmtbatch03.management.corp"
        ],
        "SourceLocation": "\\\\jenkins.management.corp\\Repos\\$($Branch)\\$($Repo)",
        "DestinationLocation": "\\\\$($Host)\\C$\\Program Files\\WindowsPowerShell\\Modules\\$($Repo)"
    }
]