﻿[
    {
        "Repo": "ABAADUser",
        "Branch": "PE",
        "Enabled":  false,
        "Hosts": [
            "nymgmtpe01.management.corp"
        ],
        "SourceLocation": "\\\\jenkins.management.corp\\Repos\\$($Branch)\\$($Repo)",
        "DestinationLocation": "\\\\$($Host)\\C$\\releases\\Production\\UserAutomation\\DevOps\\abaaduser"
    },
    {
        "Repo": "Abacus-CPSM",
        "Branch": "PE",
        "Enabled":  false,
        "Hosts": [
            "nymgmtpe01.management.corp"
        ],
        "SourceLocation": "\\\\jenkins.management.corp\\Repos\\$($Branch)\\$($Repo)",
        "DestinationLocation": "\\\\$($Host)\\C$\\Program Files\\WindowsPowerShell\\Modules\\Abacus-CPSM"
    },
    {
        "Repo": "Abacus-Logging",
        "Branch": "PE",
        "Enabled":  false,
        "Hosts": [
            "nymgmtpe01.management.corp"
        ],
        "SourceLocation": "\\\\jenkins.management.corp\\Repos\\$($Branch)\\$($Repo)",
        "DestinationLocation": "\\\\$($Host)\\C$\\Program Files\\WindowsPowerShell\\Modules\\Abacus-Logging"
    },
    {
        "Repo": "Abacus-Office365",
        "Branch": "PE",
        "Enabled":  false,
        "Hosts": [
            "nymgmtpe01.management.corp"
        ],
        "SourceLocation": "\\\\jenkins.management.corp\\Repos\\$($Branch)\\$($Repo)",
        "DestinationLocation": "\\\\$($Host)\\C$\\Program Files\\WindowsPowerShell\\Modules\\Abacus-Office365"
    },
    {
        "Repo": "Abacus-Secret",
        "Branch": "PE",
        "Enabled":  false,
        "Hosts": [
            "nymgmtpe01.management.corp"
        ],
        "SourceLocation": "\\\\jenkins.management.corp\\Repos\\$($Branch)\\$($Repo)",
        "DestinationLocation": "\\\\$($Host)\\C$\\Program Files\\WindowsPowerShell\\Modules\\Abacus-Secret"
    },
    {
        "Repo": "Abacus-WinOps",
        "Branch": "PE",
        "Enabled":  false,
        "Hosts": [
            "nymgmtpe01.management.corp"
        ],
        "SourceLocation": "\\\\jenkins.management.corp\\Repos\\$($Branch)\\$($Repo)",
        "DestinationLocation": "\\\\$($Host)\\C$\\Program Files\\WindowsPowerShell\\Modules\\Abacus-WinOps"
    },
    {
        "Repo": "ABAO365User",
        "Branch": "PE",
        "Enabled":  false,
        "Hosts": [
            "nymgmtpe01.management.corp"
        ],
        "SourceLocation": "\\\\jenkins.management.corp\\Repos\\$($Branch)\\$($Repo)",
        "DestinationLocation": "\\\\$($Host)\\C$\\releases\\Production\\UserAutomation\\DevOps\\ABAO365User"
    },
    {
        "Repo": "DL_Operations",
        "Branch": "PE",
        "Enabled":  false,
        "Hosts": [
            "nymgmtpe01.management.corp"
        ],
        "SourceLocation": "\\\\jenkins.management.corp\\Repos\\$($Branch)\\$($Repo)",
        "DestinationLocation": "\\\\$($Host)\\C$\\releases\\Production\\UserAutomation\\DevOps\\DL_Operations"
    },
    {
        "Repo": "New-ABAUser",
        "Branch": "PE",
        "Enabled":  false,
        "Hosts": [
            "nymgmtpe01.management.corp"
        ],
        "SourceLocation": "\\\\jenkins.management.corp\\Repos\\$($Branch)\\$($Repo)",
        "DestinationLocation": "\\\\$($Host)\\C$\\releases\\Production\\UserAutomation\\DevOps\\New-ABAUser"
    }
]