﻿[
    {
        "Repo": "Abacus-Office365",
        "Branch": "QA",
        "Enabled": true,
        "Hosts": [
            "nymgmtdevpe01.management.corp"
        ],
        "SourceLocation": "\\\\jenkins.management.corp\\Repos\\$($Branch)\\$($Repo)",
        "DestinationLocation": "\\\\$($Host)\\C$\\Program Files\\WindowsPowerShell\\Modules\\$($Repo)"
    },
    {
        "Repo": "Abacus-Okta",
        "Branch": "QA",
        "Enabled": true,
        "Hosts": [
            "nymgmtdevpe01.management.corp"
        ],
        "SourceLocation": "\\\\jenkins.management.corp\\Repos\\$($Branch)\\$($Repo)",
        "DestinationLocation": "\\\\$($Host)\\C$\\Program Files\\WindowsPowerShell\\Modules\\$($Repo)"
    }
]